iter," acc, nmi, ri ", loss, n_changed_assignment, time:2024-03-30 00:06:54
iter," acc, nmi, ri ", loss, n_changed_assignment, time:2024-03-30 00:19:21
iter," acc, nmi, ri ", loss, n_changed_assignment, time:2024-03-30 00:25:28
iter," acc, nmi, ri ", loss, n_changed_assignment, time:2024-03-30 00:29:49
iter," acc, nmi, ri ", loss, n_changed_assignment, time:2024-03-30 00:33:15
iter," acc, nmi, ri ", loss, n_changed_assignment, time:2024-03-30 00:36:59
iter," acc, nmi, ri ", loss, n_changed_assignment, time:2024-03-30 00:53:56
iter," acc, nmi, ri ", loss, n_changed_assignment, time:2024-03-30 01:00:08
iter," acc, nmi, ri ", loss, n_changed_assignment, time:2024-03-30 01:16:43
iter," acc, nmi, ri ", loss, n_changed_assignment, time:2024-03-30 01:28:02
iter," acc, nmi, ri ", loss, n_changed_assignment, time:2024-03-30 01:31:10
iter," acc, nmi, ri ", loss, n_changed_assignment, time:2024-03-30 01:34:40
iter," acc, nmi, ri ", loss, n_changed_assignment, time:2024-03-30 02:02:32
iter," acc, nmi, ri ", loss, n_changed_assignment, time:2024-03-30 02:07:10
iter," acc, nmi, ri ", loss, n_changed_assignment, time:2024-03-30 02:19:22
iter," acc, nmi, ri ", loss, n_changed_assignment, time:2024-03-30 02:25:41
iter," acc, nmi, ri ", loss, n_changed_assignment, time:2024-03-30 02:43:30
iter," acc, nmi, ri ", loss, n_changed_assignment, time:2024-03-30 02:52:47
iter," acc, nmi, ri ", loss, n_changed_assignment, time:2024-03-30 02:57:36
iter 0," acc, nmi, ri = (0.36, 0.28622, 0.0)", loss:0.00000, n_changed_assignment:2000, time:52.422
iter," acc, nmi, ri ", loss, n_changed_assignment, time:2024-03-30 02:59:22
iter 0," acc, nmi, ri = (0.3195, 0.29688, 0.0)", loss:0.00000, n_changed_assignment:2000, time:13.089
iter," acc, nmi, ri ", loss, n_changed_assignment, time:2024-03-30 03:01:08
iter 0," acc, nmi, ri = (0.32, 0.2966, 0.0)", loss:0.00000, n_changed_assignment:2000, time:13.376
iter," acc, nmi, ri ", loss, n_changed_assignment, time:2024-03-30 03:03:15
iter 0," acc, nmi, ri = (0.32218, 0.28803, 0.0)", loss:0.00000, n_changed_assignment:17180, time:89.923
iter," acc, nmi, ri ", loss, n_changed_assignment, time:2024-04-03 22:21:35
iter 0," acc, nmi, ri = (0.37864, 0.29315, 0.0)", loss:0.00000, n_changed_assignment:17180, time:154.051
iter," acc, nmi, ri ", loss, n_changed_assignment, time:2024-04-03 22:26:15
iter 0," acc, nmi, ri = (0.37678, 0.29334, 0.0)", loss:0.00000, n_changed_assignment:17180, time:147.315
iter 1," acc, nmi, ri = (0.3099, 0.28637, 0.01056)", loss:0.01056, n_changed_assignment:6398, time:168.662
iter 2," acc, nmi, ri = (0.30792, 0.28685, 0.00125)", loss:0.00125, n_changed_assignment:592, time:186.510
iter 3," acc, nmi, ri = (0.31054, 0.28319, 0.0015)", loss:0.00150, n_changed_assignment:4997, time:202.122
iter 4," acc, nmi, ri = (0.31123, 0.28244, 0.00231)", loss:0.00231, n_changed_assignment:614, time:219.583
iter 5," acc, nmi, ri = (0.31094, 0.28302, 0.00403)", loss:0.00403, n_changed_assignment:770, time:235.258
iter 6," acc, nmi, ri = (0.31228, 0.2831, 0.00274)", loss:0.00274, n_changed_assignment:336, time:252.061
iter 7," acc, nmi, ri = (0.311, 0.28188, 0.00573)", loss:0.00573, n_changed_assignment:405, time:269.158
iter 8," acc, nmi, ri = (0.31036, 0.28117, 0.00208)", loss:0.00208, n_changed_assignment:670, time:285.404
iter 9," acc, nmi, ri = (0.31158, 0.28218, 0.01801)", loss:0.01801, n_changed_assignment:282, time:300.944
iter 10," acc, nmi, ri = (0.31065, 0.28174, 0.00271)", loss:0.00271, n_changed_assignment:403, time:318.094
iter 11," acc, nmi, ri = (0.31129, 0.282, 0.00261)", loss:0.00261, n_changed_assignment:269, time:333.262
iter 12," acc, nmi, ri = (0.31135, 0.28105, 0.00103)", loss:0.00103, n_changed_assignment:429, time:348.482
iter 13," acc, nmi, ri = (0.31182, 0.28229, 0.0026)", loss:0.00260, n_changed_assignment:361, time:364.892
iter 14," acc, nmi, ri = (0.31048, 0.28138, 0.00349)", loss:0.00349, n_changed_assignment:311, time:380.675
iter 15," acc, nmi, ri = (0.31199, 0.28174, 0.00355)", loss:0.00355, n_changed_assignment:312, time:397.793
iter 16," acc, nmi, ri = (0.31112, 0.28205, 0.00216)", loss:0.00216, n_changed_assignment:271, time:422.558
iter 17," acc, nmi, ri = (0.311, 0.28158, 0.00114)", loss:0.00114, n_changed_assignment:315, time:438.793
iter 18," acc, nmi, ri = (0.31327, 0.28216, 0.00644)", loss:0.00644, n_changed_assignment:712, time:456.062
iter 19," acc, nmi, ri = (0.31269, 0.28123, 0.00136)", loss:0.00136, n_changed_assignment:241, time:471.647
iter 20," acc, nmi, ri = (0.3135, 0.28162, 0.00367)", loss:0.00367, n_changed_assignment:206, time:487.349
iter 21," acc, nmi, ri = (0.31368, 0.28179, 0.00217)", loss:0.00217, n_changed_assignment:225, time:507.966
iter 22," acc, nmi, ri = (0.31257, 0.2812, 0.00407)", loss:0.00407, n_changed_assignment:467, time:523.112
iter 23," acc, nmi, ri = (0.31176, 0.2808, 0.00163)", loss:0.00163, n_changed_assignment:881, time:539.032
iter 24," acc, nmi, ri = (0.31397, 0.28168, 0.00342)", loss:0.00342, n_changed_assignment:442, time:555.619
iter 25," acc, nmi, ri = (0.31246, 0.28074, 0.00078)", loss:0.00078, n_changed_assignment:305, time:570.829
iter 26," acc, nmi, ri = (0.31368, 0.28148, 0.00168)", loss:0.00168, n_changed_assignment:534, time:586.445
iter 27," acc, nmi, ri = (0.3131, 0.28115, 0.00189)", loss:0.00189, n_changed_assignment:421, time:604.198
iter 28," acc, nmi, ri = (0.31292, 0.28127, 0.00316)", loss:0.00316, n_changed_assignment:250, time:620.395
iter 29," acc, nmi, ri = (0.31374, 0.28221, 0.00182)", loss:0.00182, n_changed_assignment:333, time:636.047
iter 30," acc, nmi, ri = (0.31362, 0.28184, 0.00157)", loss:0.00157, n_changed_assignment:320, time:652.169
iter 31," acc, nmi, ri = (0.31356, 0.28164, 0.00313)", loss:0.00313, n_changed_assignment:159, time:668.342
iter 32," acc, nmi, ri = (0.3135, 0.28151, 0.00653)", loss:0.00653, n_changed_assignment:290, time:684.110
iter 33," acc, nmi, ri = (0.31444, 0.28207, 0.00457)", loss:0.00457, n_changed_assignment:284, time:702.921
iter 34," acc, nmi, ri = (0.31374, 0.28189, 0.00199)", loss:0.00199, n_changed_assignment:578, time:718.718
iter 35," acc, nmi, ri = (0.31432, 0.28207, 0.00253)", loss:0.00253, n_changed_assignment:739, time:735.201
iter 36," acc, nmi, ri = (0.31385, 0.28139, 0.00242)", loss:0.00242, n_changed_assignment:475, time:751.129
iter 37," acc, nmi, ri = (0.31403, 0.28079, 0.00121)", loss:0.00121, n_changed_assignment:235, time:768.391
iter 38," acc, nmi, ri = (0.31467, 0.28083, 0.00282)", loss:0.00282, n_changed_assignment:203, time:788.587
iter 39," acc, nmi, ri = (0.31444, 0.28093, 0.00232)", loss:0.00232, n_changed_assignment:271, time:804.414
iter 40," acc, nmi, ri = (0.31397, 0.28083, 0.00123)", loss:0.00123, n_changed_assignment:272, time:821.624
iter 41," acc, nmi, ri = (0.31228, 0.27993, 0.00131)", loss:0.00131, n_changed_assignment:275, time:837.428
iter 42," acc, nmi, ri = (0.30931, 0.27942, 0.00162)", loss:0.00162, n_changed_assignment:600, time:854.535
iter 43," acc, nmi, ri = (0.31059, 0.27905, 0.00208)", loss:0.00208, n_changed_assignment:445, time:870.833
iter 44," acc, nmi, ri = (0.31042, 0.27877, 0.00167)", loss:0.00167, n_changed_assignment:163, time:886.674
iter 45," acc, nmi, ri = (0.31065, 0.27941, 0.00099)", loss:0.00099, n_changed_assignment:645, time:902.118
iter 46," acc, nmi, ri = (0.31083, 0.27853, 0.00103)", loss:0.00103, n_changed_assignment:256, time:921.148
iter 47," acc, nmi, ri = (0.31147, 0.27826, 0.00133)", loss:0.00133, n_changed_assignment:185, time:941.106
iter 48," acc, nmi, ri = (0.31123, 0.27806, 0.00181)", loss:0.00181, n_changed_assignment:111, time:957.255
iter 49," acc, nmi, ri = (0.311, 0.27808, 0.00082)", loss:0.00082, n_changed_assignment:183, time:973.255
iter 50," acc, nmi, ri = (0.31182, 0.27856, 0.00417)", loss:0.00417, n_changed_assignment:295, time:989.471
iter 51," acc, nmi, ri = (0.31153, 0.27913, 0.00147)", loss:0.00147, n_changed_assignment:196, time:1005.033
iter 52," acc, nmi, ri = (0.31164, 0.27894, 0.0005)", loss:0.00050, n_changed_assignment:154, time:1029.808
iter 53," acc, nmi, ri = (0.31315, 0.27867, 0.00158)", loss:0.00158, n_changed_assignment:417, time:1051.883
iter 54," acc, nmi, ri = (0.31321, 0.2786, 0.00089)", loss:0.00089, n_changed_assignment:270, time:1067.713
iter 55," acc, nmi, ri = (0.31246, 0.27838, 0.00082)", loss:0.00082, n_changed_assignment:315, time:1084.046
iter 56," acc, nmi, ri = (0.31205, 0.27825, 0.00077)", loss:0.00077, n_changed_assignment:214, time:1099.872
iter 57," acc, nmi, ri = (0.31234, 0.27826, 0.00036)", loss:0.00036, n_changed_assignment:176, time:1117.187
iter 58," acc, nmi, ri = (0.31193, 0.27927, 0.00054)", loss:0.00054, n_changed_assignment:362, time:1136.933
iter 59," acc, nmi, ri = (0.31129, 0.27914, 0.0019)", loss:0.00190, n_changed_assignment:337, time:1152.721
iter 60," acc, nmi, ri = (0.31385, 0.27863, 0.00107)", loss:0.00107, n_changed_assignment:408, time:1171.028
iter 61," acc, nmi, ri = (0.31804, 0.27601, 0.00105)", loss:0.00105, n_changed_assignment:1035, time:1187.358
iter 62," acc, nmi, ri = (0.32072, 0.27587, 0.00074)", loss:0.00074, n_changed_assignment:635, time:1206.658
iter 63," acc, nmi, ri = (0.31612, 0.27653, 0.00031)", loss:0.00031, n_changed_assignment:1203, time:1222.269
iter 64," acc, nmi, ri = (0.31694, 0.27667, 0.00032)", loss:0.00032, n_changed_assignment:238, time:1238.168
iter 65," acc, nmi, ri = (0.31711, 0.27741, 0.0004)", loss:0.00040, n_changed_assignment:407, time:1254.295
iter 66," acc, nmi, ri = (0.31997, 0.27707, 0.00091)", loss:0.00091, n_changed_assignment:397, time:1269.600
iter 67," acc, nmi, ri = (0.32206, 0.27766, 0.00065)", loss:0.00065, n_changed_assignment:363, time:1287.429
iter 68," acc, nmi, ri = (0.32363, 0.27877, 0.00149)", loss:0.00149, n_changed_assignment:329, time:1303.185
iter 69," acc, nmi, ri = (0.32346, 0.27831, 0.0007)", loss:0.00070, n_changed_assignment:369, time:1319.556
iter 70," acc, nmi, ri = (0.32841, 0.2788, 0.00058)", loss:0.00058, n_changed_assignment:547, time:1335.075
iter 71," acc, nmi, ri = (0.32346, 0.2796, 0.00049)", loss:0.00049, n_changed_assignment:580, time:1350.774
iter 72," acc, nmi, ri = (0.31758, 0.27953, 0.00078)", loss:0.00078, n_changed_assignment:862, time:1365.948
iter 73," acc, nmi, ri = (0.31705, 0.27957, 0.00053)", loss:0.00053, n_changed_assignment:286, time:1385.260
iter 74," acc, nmi, ri = (0.31839, 0.28077, 0.00039)", loss:0.00039, n_changed_assignment:191, time:1401.503
iter 75," acc, nmi, ri = (0.31892, 0.28056, 0.00122)", loss:0.00122, n_changed_assignment:178, time:1417.280
iter 76," acc, nmi, ri = (0.31694, 0.28113, 0.00052)", loss:0.00052, n_changed_assignment:611, time:1432.762
iter 77," acc, nmi, ri = (0.32014, 0.28158, 0.00088)", loss:0.00088, n_changed_assignment:375, time:1447.707
iter 78," acc, nmi, ri = (0.31938, 0.2806, 0.00076)", loss:0.00076, n_changed_assignment:344, time:1465.443
iter 79," acc, nmi, ri = (0.32159, 0.28122, 0.00061)", loss:0.00061, n_changed_assignment:198, time:1481.403
iter 80," acc, nmi, ri = (0.32258, 0.28101, 0.0046)", loss:0.00460, n_changed_assignment:226, time:1497.504
iter 81," acc, nmi, ri = (0.32194, 0.28095, 0.00113)", loss:0.00113, n_changed_assignment:258, time:1512.982
iter 82," acc, nmi, ri = (0.32439, 0.28163, 0.00082)", loss:0.00082, n_changed_assignment:268, time:1528.739
iter 83," acc, nmi, ri = (0.32334, 0.28106, 0.00088)", loss:0.00088, n_changed_assignment:196, time:1543.648
iter 84," acc, nmi, ri = (0.3241, 0.28117, 0.00055)", loss:0.00055, n_changed_assignment:449, time:1561.087
iter 85," acc, nmi, ri = (0.32526, 0.28167, 0.00095)", loss:0.00095, n_changed_assignment:491, time:1577.794
iter 86," acc, nmi, ri = (0.32509, 0.28179, 0.00168)", loss:0.00168, n_changed_assignment:326, time:1593.480
iter 87," acc, nmi, ri = (0.32922, 0.28323, 0.00032)", loss:0.00032, n_changed_assignment:410, time:1611.531
iter 88," acc, nmi, ri = (0.32776, 0.28286, 0.00099)", loss:0.00099, n_changed_assignment:254, time:1630.024
iter 89," acc, nmi, ri = (0.32957, 0.28321, 0.00058)", loss:0.00058, n_changed_assignment:508, time:1654.819
iter 90," acc, nmi, ri = (0.32928, 0.28296, 0.0008)", loss:0.00080, n_changed_assignment:243, time:1674.274
iter 91," acc, nmi, ri = (0.32625, 0.28222, 0.00062)", loss:0.00062, n_changed_assignment:485, time:1690.169
iter 92," acc, nmi, ri = (0.32643, 0.28298, 0.0005)", loss:0.00050, n_changed_assignment:274, time:1706.971
iter 93," acc, nmi, ri = (0.3252, 0.28135, 0.00096)", loss:0.00096, n_changed_assignment:489, time:1722.406
iter 94," acc, nmi, ri = (0.32986, 0.28263, 0.00157)", loss:0.00157, n_changed_assignment:494, time:1742.916
iter 95," acc, nmi, ri = (0.32742, 0.28223, 0.00208)", loss:0.00208, n_changed_assignment:341, time:1759.456
iter 96," acc, nmi, ri = (0.32707, 0.28136, 0.00038)", loss:0.00038, n_changed_assignment:407, time:1774.846
iter 97," acc, nmi, ri = (0.328, 0.28198, 0.00132)", loss:0.00132, n_changed_assignment:586, time:1790.320
iter 98," acc, nmi, ri = (0.32724, 0.28272, 0.00032)", loss:0.00032, n_changed_assignment:303, time:1805.306
iter 99," acc, nmi, ri = (0.33213, 0.28443, 0.00112)", loss:0.00112, n_changed_assignment:1106, time:1823.064
iter 100," acc, nmi, ri = (0.33405, 0.28418, 0.00047)", loss:0.00047, n_changed_assignment:692, time:1838.494
iter 101," acc, nmi, ri = (0.33114, 0.28265, 0.0007)", loss:0.00070, n_changed_assignment:492, time:1854.558
iter 102," acc, nmi, ri = (0.33475, 0.28286, 0.00053)", loss:0.00053, n_changed_assignment:521, time:1870.213
iter 103," acc, nmi, ri = (0.33446, 0.2829, 0.00045)", loss:0.00045, n_changed_assignment:312, time:1886.686
iter 104," acc, nmi, ri = (0.3337, 0.28218, 0.00036)", loss:0.00036, n_changed_assignment:308, time:1904.801
iter 105," acc, nmi, ri = (0.33527, 0.28207, 0.0008)", loss:0.00080, n_changed_assignment:635, time:1921.359
iter 106," acc, nmi, ri = (0.3291, 0.28103, 0.00106)", loss:0.00106, n_changed_assignment:933, time:1937.224
iter 107," acc, nmi, ri = (0.32887, 0.28086, 0.00046)", loss:0.00046, n_changed_assignment:318, time:1952.872
iter 108," acc, nmi, ri = (0.32841, 0.28176, 0.00048)", loss:0.00048, n_changed_assignment:698, time:1969.212
iter 109," acc, nmi, ri = (0.32701, 0.28146, 0.00018)", loss:0.00018, n_changed_assignment:520, time:1986.943
iter 110," acc, nmi, ri = (0.32555, 0.28054, 0.00073)", loss:0.00073, n_changed_assignment:286, time:2002.996
iter 111," acc, nmi, ri = (0.32672, 0.28096, 0.0012)", loss:0.00120, n_changed_assignment:333, time:2019.292
iter 112," acc, nmi, ri = (0.328, 0.2818, 0.00039)", loss:0.00039, n_changed_assignment:511, time:2035.169
iter 113," acc, nmi, ri = (0.32823, 0.2816, 0.0002)", loss:0.00020, n_changed_assignment:453, time:2050.069
iter 114," acc, nmi, ri = (0.32788, 0.28219, 0.0003)", loss:0.00030, n_changed_assignment:242, time:2066.000
iter 115," acc, nmi, ri = (0.32782, 0.28259, 0.00072)", loss:0.00072, n_changed_assignment:191, time:2083.719
iter 116," acc, nmi, ri = (0.32567, 0.28155, 0.0009)", loss:0.00090, n_changed_assignment:282, time:2100.401
iter 117," acc, nmi, ri = (0.32683, 0.28162, 0.00079)", loss:0.00079, n_changed_assignment:440, time:2116.099
iter 118," acc, nmi, ri = (0.32066, 0.28427, 0.00038)", loss:0.00038, n_changed_assignment:4660, time:2131.430
iter 119," acc, nmi, ri = (0.31944, 0.28256, 0.00069)", loss:0.00069, n_changed_assignment:444, time:2146.782
iter 120," acc, nmi, ri = (0.31682, 0.28065, 0.0007)", loss:0.00070, n_changed_assignment:834, time:2161.538
iter 121," acc, nmi, ri = (0.3209, 0.28312, 0.0012)", loss:0.00120, n_changed_assignment:550, time:2178.941
iter 122," acc, nmi, ri = (0.32055, 0.28303, 0.00059)", loss:0.00059, n_changed_assignment:259, time:2195.022
iter 123," acc, nmi, ri = (0.32194, 0.28311, 0.00056)", loss:0.00056, n_changed_assignment:283, time:2210.335
iter 124," acc, nmi, ri = (0.31985, 0.28289, 0.00032)", loss:0.00032, n_changed_assignment:432, time:2225.963
iter 125," acc, nmi, ri = (0.3202, 0.28258, 0.00033)", loss:0.00033, n_changed_assignment:365, time:2241.637
iter 126," acc, nmi, ri = (0.31973, 0.28169, 0.00101)", loss:0.00101, n_changed_assignment:381, time:2266.810
iter 127," acc, nmi, ri = (0.31828, 0.28085, 0.00102)", loss:0.00102, n_changed_assignment:268, time:2282.770
iter 128," acc, nmi, ri = (0.32084, 0.28171, 0.00027)", loss:0.00027, n_changed_assignment:334, time:2297.939
iter 129," acc, nmi, ri = (0.32055, 0.28109, 0.00039)", loss:0.00039, n_changed_assignment:174, time:2314.971
iter 130," acc, nmi, ri = (0.31711, 0.28091, 0.00059)", loss:0.00059, n_changed_assignment:502, time:2329.994
iter 131," acc, nmi, ri = (0.32701, 0.27963, 0.00057)", loss:0.00057, n_changed_assignment:5163, time:2348.350
iter 132," acc, nmi, ri = (0.32462, 0.27883, 0.00033)", loss:0.00033, n_changed_assignment:539, time:2364.421
iter 133," acc, nmi, ri = (0.32101, 0.27898, 0.00052)", loss:0.00052, n_changed_assignment:526, time:2380.084
iter 134," acc, nmi, ri = (0.32602, 0.27899, 0.00045)", loss:0.00045, n_changed_assignment:617, time:2396.800
iter 135," acc, nmi, ri = (0.32555, 0.27903, 0.00071)", loss:0.00071, n_changed_assignment:335, time:2411.887
iter 136," acc, nmi, ri = (0.32701, 0.27887, 0.00038)", loss:0.00038, n_changed_assignment:498, time:2428.907
iter 137," acc, nmi, ri = (0.32445, 0.27912, 0.00023)", loss:0.00023, n_changed_assignment:581, time:2444.787
iter 138," acc, nmi, ri = (0.32648, 0.27895, 0.00031)", loss:0.00031, n_changed_assignment:317, time:2460.036
iter 139," acc, nmi, ri = (0.32416, 0.27875, 0.00044)", loss:0.00044, n_changed_assignment:630, time:2476.663
iter 140," acc, nmi, ri = (0.32456, 0.27959, 0.0003)", loss:0.00030, n_changed_assignment:338, time:2493.131
iter 141," acc, nmi, ri = (0.32474, 0.27993, 0.00058)", loss:0.00058, n_changed_assignment:408, time:2510.959
iter 142," acc, nmi, ri = (0.32474, 0.27807, 0.00027)", loss:0.00027, n_changed_assignment:983, time:2526.327
iter 143," acc, nmi, ri = (0.32398, 0.27721, 0.00028)", loss:0.00028, n_changed_assignment:869, time:2543.477
iter 144," acc, nmi, ri = (0.32579, 0.2771, 0.00027)", loss:0.00027, n_changed_assignment:809, time:2558.981
iter 145," acc, nmi, ri = (0.32858, 0.27804, 0.0002)", loss:0.00020, n_changed_assignment:475, time:2574.326
iter 146," acc, nmi, ri = (0.32451, 0.27686, 0.0004)", loss:0.00040, n_changed_assignment:453, time:2590.108
iter 147," acc, nmi, ri = (0.32532, 0.2784, 0.00039)", loss:0.00039, n_changed_assignment:1026, time:2607.176
iter 148," acc, nmi, ri = (0.32421, 0.27801, 0.0005)", loss:0.00050, n_changed_assignment:800, time:2623.267
iter 149," acc, nmi, ri = (0.32258, 0.27688, 0.00023)", loss:0.00023, n_changed_assignment:334, time:2639.476
iter 150," acc, nmi, ri = (0.32451, 0.27801, 0.00017)", loss:0.00017, n_changed_assignment:388, time:2655.485
iter 151," acc, nmi, ri = (0.32037, 0.2764, 0.00028)", loss:0.00028, n_changed_assignment:585, time:2670.558
iter 152," acc, nmi, ri = (0.32497, 0.27845, 0.00023)", loss:0.00023, n_changed_assignment:1456, time:2688.906
iter 153," acc, nmi, ri = (0.31909, 0.27533, 0.00015)", loss:0.00015, n_changed_assignment:1107, time:2705.532
iter 154," acc, nmi, ri = (0.31938, 0.27582, 0.00014)", loss:0.00014, n_changed_assignment:565, time:2720.966
iter 155," acc, nmi, ri = (0.32288, 0.27695, 0.00067)", loss:0.00067, n_changed_assignment:312, time:2736.701
iter 156," acc, nmi, ri = (0.32352, 0.27642, 0.00034)", loss:0.00034, n_changed_assignment:339, time:2752.769
iter 157," acc, nmi, ri = (0.32369, 0.27643, 0.00784)", loss:0.00784, n_changed_assignment:440, time:2768.269
iter 158," acc, nmi, ri = (0.33504, 0.27802, 0.00062)", loss:0.00062, n_changed_assignment:1107, time:2785.155
iter 159," acc, nmi, ri = (0.32905, 0.27734, 0.00021)", loss:0.00021, n_changed_assignment:950, time:2801.819
iter 160," acc, nmi, ri = (0.32817, 0.27689, 0.00022)", loss:0.00022, n_changed_assignment:384, time:2817.530
iter 161," acc, nmi, ri = (0.32614, 0.27714, 0.00025)", loss:0.00025, n_changed_assignment:620, time:2833.391
iter 162," acc, nmi, ri = (0.32794, 0.27809, 0.00044)", loss:0.00044, n_changed_assignment:635, time:2849.879
iter 163," acc, nmi, ri = (0.32841, 0.27844, 0.00016)", loss:0.00016, n_changed_assignment:304, time:2870.390
iter 164," acc, nmi, ri = (0.32887, 0.27812, 0.00017)", loss:0.00017, n_changed_assignment:331, time:2889.962
iter 165," acc, nmi, ri = (0.32957, 0.27844, 0.00014)", loss:0.00014, n_changed_assignment:316, time:2906.569
iter 166," acc, nmi, ri = (0.32759, 0.2776, 0.00041)", loss:0.00041, n_changed_assignment:325, time:2921.318
iter 167," acc, nmi, ri = (0.32806, 0.27702, 0.00019)", loss:0.00019, n_changed_assignment:338, time:2938.411
iter 168," acc, nmi, ri = (0.32718, 0.27653, 0.00038)", loss:0.00038, n_changed_assignment:412, time:2954.934
iter 169," acc, nmi, ri = (0.32584, 0.27615, 0.00052)", loss:0.00052, n_changed_assignment:661, time:2970.139
iter 170," acc, nmi, ri = (0.32614, 0.27796, 0.00033)", loss:0.00033, n_changed_assignment:798, time:2985.801
iter 171," acc, nmi, ri = (0.32561, 0.27815, 0.00036)", loss:0.00036, n_changed_assignment:260, time:3001.371
iter 172," acc, nmi, ri = (0.32689, 0.27848, 0.0003)", loss:0.00030, n_changed_assignment:344, time:3016.588
iter 173," acc, nmi, ri = (0.32491, 0.27754, 0.00021)", loss:0.00021, n_changed_assignment:458, time:3032.402
iter 174," acc, nmi, ri = (0.31874, 0.27514, 0.00015)", loss:0.00015, n_changed_assignment:795, time:3049.440
iter 175," acc, nmi, ri = (0.31956, 0.27656, 0.00026)", loss:0.00026, n_changed_assignment:461, time:3064.847
iter 176," acc, nmi, ri = (0.32497, 0.27829, 9e-05)", loss:0.00009, n_changed_assignment:808, time:3081.106
iter 177," acc, nmi, ri = (0.32491, 0.27737, 0.00021)", loss:0.00021, n_changed_assignment:380, time:3096.992
iter 178," acc, nmi, ri = (0.32061, 0.27664, 1e-04)", loss:0.00010, n_changed_assignment:666, time:3113.176
iter 179," acc, nmi, ri = (0.3209, 0.27679, 0.00035)", loss:0.00035, n_changed_assignment:255, time:3130.255
iter 180," acc, nmi, ri = (0.3213, 0.27654, 0.00029)", loss:0.00029, n_changed_assignment:424, time:3149.633
iter 181," acc, nmi, ri = (0.32433, 0.27865, 0.00018)", loss:0.00018, n_changed_assignment:323, time:3164.987
iter 182," acc, nmi, ri = (0.32485, 0.27811, 0.00016)", loss:0.00016, n_changed_assignment:350, time:3180.022
iter 183," acc, nmi, ri = (0.32526, 0.2767, 0.00024)", loss:0.00024, n_changed_assignment:326, time:3194.893
iter 184," acc, nmi, ri = (0.32381, 0.27523, 0.00014)", loss:0.00014, n_changed_assignment:468, time:3212.522
iter 185," acc, nmi, ri = (0.32224, 0.27462, 0.00013)", loss:0.00013, n_changed_assignment:587, time:3228.044
iter 186," acc, nmi, ri = (0.32043, 0.2764, 0.00027)", loss:0.00027, n_changed_assignment:391, time:3244.311
iter 187," acc, nmi, ri = (0.32317, 0.27578, 0.00014)", loss:0.00014, n_changed_assignment:312, time:3260.457
iter 188," acc, nmi, ri = (0.32136, 0.27597, 7e-05)", loss:0.00007, n_changed_assignment:224, time:3276.221
iter 189," acc, nmi, ri = (0.32014, 0.27431, 7e-05)", loss:0.00007, n_changed_assignment:315, time:3294.014
iter 190," acc, nmi, ri = (0.31868, 0.2739, 0.00015)", loss:0.00015, n_changed_assignment:235, time:3309.981
iter 191," acc, nmi, ri = (0.31944, 0.27394, 0.00014)", loss:0.00014, n_changed_assignment:323, time:3325.386
iter 192," acc, nmi, ri = (0.31991, 0.27284, 5e-05)", loss:0.00005, n_changed_assignment:434, time:3341.305
iter 193," acc, nmi, ri = (0.32031, 0.27453, 1e-04)", loss:0.00010, n_changed_assignment:675, time:3357.032
iter 194," acc, nmi, ri = (0.32072, 0.27278, 8e-05)", loss:0.00008, n_changed_assignment:736, time:3375.335
iter 195," acc, nmi, ri = (0.31711, 0.27374, 8e-05)", loss:0.00008, n_changed_assignment:540, time:3390.598
iter 196," acc, nmi, ri = (0.31729, 0.2725, 0.00013)", loss:0.00013, n_changed_assignment:241, time:3406.139
iter 197," acc, nmi, ri = (0.31839, 0.27448, 7e-05)", loss:0.00007, n_changed_assignment:448, time:3422.450
iter 198," acc, nmi, ri = (0.32095, 0.27237, 0.00012)", loss:0.00012, n_changed_assignment:618, time:3438.250
iter 199," acc, nmi, ri = (0.31932, 0.27351, 9e-05)", loss:0.00009, n_changed_assignment:993, time:3454.341
iter 200," acc, nmi, ri = (0.31804, 0.27381, 7e-05)", loss:0.00007, n_changed_assignment:374, time:3471.642
iter 201," acc, nmi, ri = (0.3149, 0.27316, 0.00015)", loss:0.00015, n_changed_assignment:360, time:3487.355
iter 202," acc, nmi, ri = (0.33888, 0.27339, 8e-05)", loss:0.00008, n_changed_assignment:5850, time:3503.019
iter 203," acc, nmi, ri = (0.31147, 0.27618, 0.00022)", loss:0.00022, n_changed_assignment:7378, time:3518.471
iter 204," acc, nmi, ri = (0.31694, 0.27628, 6e-05)", loss:0.00006, n_changed_assignment:1277, time:3535.998
iter 205," acc, nmi, ri = (0.3188, 0.27708, 0.00013)", loss:0.00013, n_changed_assignment:437, time:3554.390
iter 206," acc, nmi, ri = (0.32322, 0.27633, 0.00024)", loss:0.00024, n_changed_assignment:465, time:3570.200
iter 207," acc, nmi, ri = (0.31746, 0.27695, 0.00025)", loss:0.00025, n_changed_assignment:580, time:3585.936
iter 208," acc, nmi, ri = (0.31997, 0.27617, 9e-05)", loss:0.00009, n_changed_assignment:352, time:3601.874
iter 209," acc, nmi, ri = (0.3213, 0.27402, 0.00011)", loss:0.00011, n_changed_assignment:572, time:3617.212
iter 210," acc, nmi, ri = (0.31723, 0.27506, 0.00012)", loss:0.00012, n_changed_assignment:903, time:3634.740
iter 211," acc, nmi, ri = (0.3252, 0.2753, 1e-04)", loss:0.00010, n_changed_assignment:1024, time:3650.740
iter 212," acc, nmi, ri = (0.3202, 0.27448, 7e-05)", loss:0.00007, n_changed_assignment:598, time:3666.412
iter 213," acc, nmi, ri = (0.31822, 0.27537, 6e-05)", loss:0.00006, n_changed_assignment:738, time:3682.031
iter 214," acc, nmi, ri = (0.31822, 0.27367, 7e-05)", loss:0.00007, n_changed_assignment:1049, time:3697.509
iter 215," acc, nmi, ri = (0.31257, 0.27514, 5e-05)", loss:0.00005, n_changed_assignment:1008, time:3713.336
iter 216," acc, nmi, ri = (0.31385, 0.27505, 4e-05)", loss:0.00004, n_changed_assignment:290, time:3731.313
iter 217," acc, nmi, ri = (0.31531, 0.27521, 0.00019)", loss:0.00019, n_changed_assignment:541, time:3747.986
iter 218," acc, nmi, ri = (0.31618, 0.27382, 0.00031)", loss:0.00031, n_changed_assignment:759, time:3764.020
iter 219," acc, nmi, ri = (0.31834, 0.27441, 0.00011)", loss:0.00011, n_changed_assignment:433, time:3779.665
iter 220," acc, nmi, ri = (0.32293, 0.27675, 2e-05)", loss:0.00002, n_changed_assignment:501, time:3795.012
iter 221," acc, nmi, ri = (0.32095, 0.27529, 0.00018)", loss:0.00018, n_changed_assignment:485, time:3809.658
iter 222," acc, nmi, ri = (0.32119, 0.2762, 6e-05)", loss:0.00006, n_changed_assignment:317, time:3827.279
iter 223," acc, nmi, ri = (0.31915, 0.27394, 8e-05)", loss:0.00008, n_changed_assignment:408, time:3843.323
iter 224," acc, nmi, ri = (0.31944, 0.27476, 5e-05)", loss:0.00005, n_changed_assignment:477, time:3858.910
iter 225," acc, nmi, ri = (0.31502, 0.2751, 2e-05)", loss:0.00002, n_changed_assignment:554, time:3874.643
iter 226," acc, nmi, ri = (0.3156, 0.27592, 0.00016)", loss:0.00016, n_changed_assignment:460, time:3890.517
iter 227," acc, nmi, ri = (0.31542, 0.2743, 3e-05)", loss:0.00003, n_changed_assignment:424, time:3908.099
iter 228," acc, nmi, ri = (0.31496, 0.27333, 0.00064)", loss:0.00064, n_changed_assignment:884, time:3924.432
iter 229," acc, nmi, ri = (0.32066, 0.27562, 0.00012)", loss:0.00012, n_changed_assignment:962, time:3940.292
iter 230," acc, nmi, ri = (0.32579, 0.27526, 3e-05)", loss:0.00003, n_changed_assignment:498, time:3957.334
iter 231," acc, nmi, ri = (0.32253, 0.27465, 2e-05)", loss:0.00002, n_changed_assignment:508, time:3972.475
iter 232," acc, nmi, ri = (0.32404, 0.27642, 2e-05)", loss:0.00002, n_changed_assignment:494, time:3990.354
iter 233," acc, nmi, ri = (0.322, 0.27473, 8e-05)", loss:0.00008, n_changed_assignment:354, time:4006.023
iter 234," acc, nmi, ri = (0.32485, 0.27502, 4e-05)", loss:0.00004, n_changed_assignment:270, time:4021.463
iter 235," acc, nmi, ri = (0.32159, 0.27273, 0.00012)", loss:0.00012, n_changed_assignment:954, time:4037.438
iter 236," acc, nmi, ri = (0.32264, 0.27197, 2e-05)", loss:0.00002, n_changed_assignment:228, time:4053.473
iter 237," acc, nmi, ri = (0.32084, 0.27298, 3e-05)", loss:0.00003, n_changed_assignment:824, time:4069.038
iter 238," acc, nmi, ri = (0.32631, 0.27321, 5e-05)", loss:0.00005, n_changed_assignment:840, time:4086.459
iter 239," acc, nmi, ri = (0.32491, 0.27404, 4e-05)", loss:0.00004, n_changed_assignment:431, time:4104.522
iter 240," acc, nmi, ri = (0.32026, 0.27226, 2e-05)", loss:0.00002, n_changed_assignment:555, time:4120.712
iter 241," acc, nmi, ri = (0.32264, 0.27248, 3e-05)", loss:0.00003, n_changed_assignment:854, time:4136.896
iter 242," acc, nmi, ri = (0.32194, 0.27427, 7e-05)", loss:0.00007, n_changed_assignment:460, time:4154.345
iter 243," acc, nmi, ri = (0.32416, 0.2762, 9e-05)", loss:0.00009, n_changed_assignment:909, time:4170.302
iter 244," acc, nmi, ri = (0.31938, 0.27327, 6e-05)", loss:0.00006, n_changed_assignment:606, time:4185.780
iter 245," acc, nmi, ri = (0.31531, 0.27112, 1e-05)", loss:0.00001, n_changed_assignment:679, time:4201.632
iter 246," acc, nmi, ri = (0.31641, 0.27136, 5e-05)", loss:0.00005, n_changed_assignment:424, time:4217.723
iter 247," acc, nmi, ri = (0.32002, 0.27254, 1e-05)", loss:0.00001, n_changed_assignment:351, time:4233.576
iter 248," acc, nmi, ri = (0.32264, 0.27467, 4e-05)", loss:0.00004, n_changed_assignment:480, time:4251.045
iter 249," acc, nmi, ri = (0.32031, 0.27568, 4e-05)", loss:0.00004, n_changed_assignment:523, time:4266.357
iter 250," acc, nmi, ri = (0.31345, 0.2731, 7e-05)", loss:0.00007, n_changed_assignment:692, time:4282.061
iter 251," acc, nmi, ri = (0.30728, 0.27494, 3e-05)", loss:0.00003, n_changed_assignment:589, time:4300.459
iter 252," acc, nmi, ri = (0.31478, 0.27499, 3e-05)", loss:0.00003, n_changed_assignment:574, time:4315.944
iter 253," acc, nmi, ri = (0.31327, 0.27258, 4e-05)", loss:0.00004, n_changed_assignment:785, time:4332.688
iter 254," acc, nmi, ri = (0.31542, 0.27264, 2e-05)", loss:0.00002, n_changed_assignment:433, time:4348.078
iter 255," acc, nmi, ri = (0.31682, 0.27174, 2e-05)", loss:0.00002, n_changed_assignment:611, time:4363.500
iter 256," acc, nmi, ri = (0.31257, 0.26994, 4e-05)", loss:0.00004, n_changed_assignment:514, time:4379.459
iter 257," acc, nmi, ri = (0.32026, 0.27334, 1e-05)", loss:0.00001, n_changed_assignment:742, time:4394.958
iter 258," acc, nmi, ri = (0.31723, 0.27036, 8e-05)", loss:0.00008, n_changed_assignment:698, time:4410.098
iter 259," acc, nmi, ri = (0.3227, 0.27344, 1e-05)", loss:0.00001, n_changed_assignment:745, time:4426.210
iter 260," acc, nmi, ri = (0.31647, 0.27033, 1e-05)", loss:0.00001, n_changed_assignment:981, time:4442.811
iter 261," acc, nmi, ri = (0.31636, 0.26894, 1e-05)", loss:0.00001, n_changed_assignment:367, time:4459.480
iter 262," acc, nmi, ri = (0.31583, 0.26592, 1e-05)", loss:0.00001, n_changed_assignment:574, time:4475.254
iter 263," acc, nmi, ri = (0.31636, 0.26679, 1e-05)", loss:0.00001, n_changed_assignment:627, time:4492.216
iter 264," acc, nmi, ri = (0.31735, 0.26462, 1e-05)", loss:0.00001, n_changed_assignment:968, time:4508.434
iter 265," acc, nmi, ri = (0.31455, 0.26423, 1e-05)", loss:0.00001, n_changed_assignment:1180, time:4526.258
iter 266," acc, nmi, ri = (0.3135, 0.2627, 2e-05)", loss:0.00002, n_changed_assignment:595, time:4542.051
iter 267," acc, nmi, ri = (0.31921, 0.26393, 1e-05)", loss:0.00001, n_changed_assignment:569, time:4558.395
iter 268," acc, nmi, ri = (0.31903, 0.26452, 4e-05)", loss:0.00004, n_changed_assignment:585, time:4574.425
iter 269," acc, nmi, ri = (0.33277, 0.26699, 6e-05)", loss:0.00006, n_changed_assignment:3530, time:4592.181
iter 270," acc, nmi, ri = (0.33265, 0.26652, 1e-05)", loss:0.00001, n_changed_assignment:355, time:4608.078
iter 271," acc, nmi, ri = (0.34552, 0.26712, 1e-05)", loss:0.00001, n_changed_assignment:1308, time:4623.902
iter 272," acc, nmi, ri = (0.34412, 0.26614, 1e-05)", loss:0.00001, n_changed_assignment:433, time:4639.970
iter 273," acc, nmi, ri = (0.34267, 0.26213, 5e-05)", loss:0.00005, n_changed_assignment:986, time:4655.972
iter 274," acc, nmi, ri = (0.34336, 0.26434, 1e-05)", loss:0.00001, n_changed_assignment:1421, time:4671.318
iter 275," acc, nmi, ri = (0.34546, 0.26842, 5e-05)", loss:0.00005, n_changed_assignment:1244, time:4688.587
iter 276," acc, nmi, ri = (0.34284, 0.26629, 6e-05)", loss:0.00006, n_changed_assignment:872, time:4703.895
iter 277," acc, nmi, ri = (0.33492, 0.26079, 1e-05)", loss:0.00001, n_changed_assignment:1622, time:4719.489
iter 278," acc, nmi, ri = (0.34418, 0.2625, 3e-05)", loss:0.00003, n_changed_assignment:1341, time:4735.046
iter 279," acc, nmi, ri = (0.34529, 0.26432, 0.0)", loss:0.00000, n_changed_assignment:5384, time:4751.634
iter 280," acc, nmi, ri = (0.33428, 0.25577, 2e-05)", loss:0.00002, n_changed_assignment:1516, time:4767.250
iter 281," acc, nmi, ri = (0.34296, 0.26568, 1e-05)", loss:0.00001, n_changed_assignment:2538, time:4785.019
iter 282," acc, nmi, ri = (0.33487, 0.26255, 1e-05)", loss:0.00001, n_changed_assignment:1294, time:4801.065
iter 283," acc, nmi, ri = (0.33609, 0.26084, 1e-05)", loss:0.00001, n_changed_assignment:515, time:4816.620
iter 284," acc, nmi, ri = (0.33318, 0.26094, 1e-05)", loss:0.00001, n_changed_assignment:694, time:4832.350
iter 285," acc, nmi, ri = (0.33492, 0.26397, 1e-05)", loss:0.00001, n_changed_assignment:1206, time:4847.856
iter 286," acc, nmi, ri = (0.33382, 0.26672, 2e-05)", loss:0.00002, n_changed_assignment:654, time:4865.846
iter 287," acc, nmi, ri = (0.33166, 0.2599, 1e-05)", loss:0.00001, n_changed_assignment:1176, time:4881.999
iter 288," acc, nmi, ri = (0.33487, 0.26323, 0.0)", loss:0.00000, n_changed_assignment:834, time:4897.868
iter 289," acc, nmi, ri = (0.3365, 0.26869, 3e-05)", loss:0.00003, n_changed_assignment:1640, time:4913.519
iter 290," acc, nmi, ri = (0.33516, 0.26992, 9e-05)", loss:0.00009, n_changed_assignment:1139, time:4935.031
iter 291," acc, nmi, ri = (0.33347, 0.27284, 3e-05)", loss:0.00003, n_changed_assignment:586, time:4951.452
iter 292," acc, nmi, ri = (0.33155, 0.26979, 1e-05)", loss:0.00001, n_changed_assignment:865, time:4966.745
iter 293," acc, nmi, ri = (0.33137, 0.2664, 2e-05)", loss:0.00002, n_changed_assignment:671, time:4984.279
iter 294," acc, nmi, ri = (0.33044, 0.26441, 1e-05)", loss:0.00001, n_changed_assignment:720, time:4999.679
iter 295," acc, nmi, ri = (0.33236, 0.26452, 1e-05)", loss:0.00001, n_changed_assignment:1810, time:5016.930
iter 296," acc, nmi, ri = (0.32829, 0.25905, 1e-05)", loss:0.00001, n_changed_assignment:1153, time:5032.906
iter 297," acc, nmi, ri = (0.32637, 0.25306, 4e-05)", loss:0.00004, n_changed_assignment:1092, time:5048.933
iter 298," acc, nmi, ri = (0.33423, 0.25279, 1e-05)", loss:0.00001, n_changed_assignment:3224, time:5064.503
iter 299," acc, nmi, ri = (0.33481, 0.25052, 0.0)", loss:0.00000, n_changed_assignment:568, time:5080.223
iter 300," acc, nmi, ri = (0.33487, 0.2495, 0.0)", loss:0.00000, n_changed_assignment:1291, time:5095.008
iter 301," acc, nmi, ri = (0.34482, 0.2475, 2e-05)", loss:0.00002, n_changed_assignment:5550, time:5112.621
iter 302," acc, nmi, ri = (0.33987, 0.24013, 2e-05)", loss:0.00002, n_changed_assignment:761, time:5127.991
iter 303," acc, nmi, ri = (0.34086, 0.23979, 1e-05)", loss:0.00001, n_changed_assignment:2198, time:5144.841
iter 304," acc, nmi, ri = (0.33766, 0.24109, 2e-05)", loss:0.00002, n_changed_assignment:1293, time:5160.373
iter 305," acc, nmi, ri = (0.3259, 0.23981, 0.0)", loss:0.00000, n_changed_assignment:1919, time:5175.554
iter 306," acc, nmi, ri = (0.3234, 0.24206, 1e-05)", loss:0.00001, n_changed_assignment:467, time:5195.402
iter 307," acc, nmi, ri = (0.33329, 0.24737, 0.0)", loss:0.00000, n_changed_assignment:1282, time:5210.862
iter 308," acc, nmi, ri = (0.3241, 0.24134, 1e-05)", loss:0.00001, n_changed_assignment:943, time:5227.877
iter 309," acc, nmi, ri = (0.33463, 0.24281, 0.0)", loss:0.00000, n_changed_assignment:1529, time:5242.898
iter 310," acc, nmi, ri = (0.34179, 0.24769, 1e-05)", loss:0.00001, n_changed_assignment:960, time:5261.693
iter 311," acc, nmi, ri = (0.32782, 0.23724, 2e-05)", loss:0.00002, n_changed_assignment:2324, time:5277.483
iter 312," acc, nmi, ri = (0.3362, 0.24608, 1e-05)", loss:0.00001, n_changed_assignment:1233, time:5293.628
iter 313," acc, nmi, ri = (0.32701, 0.24153, 6e-05)", loss:0.00006, n_changed_assignment:5406, time:5308.922
iter 314," acc, nmi, ri = (0.3415, 0.24905, 0.0)", loss:0.00000, n_changed_assignment:4829, time:5324.797
iter 315," acc, nmi, ri = (0.32666, 0.24663, 0.0)", loss:0.00000, n_changed_assignment:1132, time:5344.613
iter 316," acc, nmi, ri = (0.31583, 0.23005, 3e-05)", loss:0.00003, n_changed_assignment:2583, time:5360.375
iter 317," acc, nmi, ri = (0.33551, 0.23713, 0.0)", loss:0.00000, n_changed_assignment:2652, time:5377.686
iter 318," acc, nmi, ri = (0.32212, 0.23319, 1e-05)", loss:0.00001, n_changed_assignment:1415, time:5393.604
iter 319," acc, nmi, ri = (0.31426, 0.22713, 0.0)", loss:0.00000, n_changed_assignment:1138, time:5411.292
iter 320," acc, nmi, ri = (0.31525, 0.22312, 1e-05)", loss:0.00001, n_changed_assignment:940, time:5427.092
iter 321," acc, nmi, ri = (0.31339, 0.2272, 0.0)", loss:0.00000, n_changed_assignment:1053, time:5444.538
iter 322," acc, nmi, ri = (0.31845, 0.22054, 0.0)", loss:0.00000, n_changed_assignment:1605, time:5460.159
iter 323," acc, nmi, ri = (0.3358, 0.23242, 0.0)", loss:0.00000, n_changed_assignment:1674, time:5475.383
iter 324," acc, nmi, ri = (0.33184, 0.23395, 1e-05)", loss:0.00001, n_changed_assignment:1548, time:5490.222
iter 325," acc, nmi, ri = (0.32119, 0.23469, 1e-05)", loss:0.00001, n_changed_assignment:1822, time:5507.185
iter 326," acc, nmi, ri = (0.32119, 0.23466, 1e-05)", loss:0.00001, n_changed_assignment:1150, time:5523.029
iter 327," acc, nmi, ri = (0.32241, 0.23859, 0.0)", loss:0.00000, n_changed_assignment:917, time:5538.613
iter 328," acc, nmi, ri = (0.32357, 0.23618, 0.0)", loss:0.00000, n_changed_assignment:1247, time:5554.287
iter 329," acc, nmi, ri = (0.31863, 0.2294, 0.0)", loss:0.00000, n_changed_assignment:1091, time:5569.933
iter 330," acc, nmi, ri = (0.31554, 0.22836, 0.0)", loss:0.00000, n_changed_assignment:1213, time:5589.859
iter 331," acc, nmi, ri = (0.31222, 0.22027, 1e-05)", loss:0.00001, n_changed_assignment:1466, time:5605.673
iter 332," acc, nmi, ri = (0.31414, 0.22308, 0.0)", loss:0.00000, n_changed_assignment:711, time:5621.706
iter 333," acc, nmi, ri = (0.31135, 0.22238, 0.0)", loss:0.00000, n_changed_assignment:351, time:5637.509
iter 334," acc, nmi, ri = (0.31985, 0.22943, 4e-05)", loss:0.00004, n_changed_assignment:1777, time:5652.871
iter 335," acc, nmi, ri = (0.31705, 0.22852, 1e-05)", loss:0.00001, n_changed_assignment:2369, time:5671.560
iter 336," acc, nmi, ri = (0.3124, 0.22246, 0.0)", loss:0.00000, n_changed_assignment:1068, time:5687.130
iter 337," acc, nmi, ri = (0.32049, 0.23297, 0.0)", loss:0.00000, n_changed_assignment:1742, time:5702.739
iter 338," acc, nmi, ri = (0.32008, 0.23142, 0.0)", loss:0.00000, n_changed_assignment:567, time:5718.460
iter 339," acc, nmi, ri = (0.3156, 0.22395, 2e-05)", loss:0.00002, n_changed_assignment:1646, time:5734.237
iter 340," acc, nmi, ri = (0.3195, 0.22744, 1e-05)", loss:0.00001, n_changed_assignment:1923, time:5750.102
iter 341," acc, nmi, ri = (0.31659, 0.22983, 0.0)", loss:0.00000, n_changed_assignment:1616, time:5768.209
iter 342," acc, nmi, ri = (0.31467, 0.23048, 0.0)", loss:0.00000, n_changed_assignment:1423, time:5783.559
iter 343," acc, nmi, ri = (0.32823, 0.23834, 0.0)", loss:0.00000, n_changed_assignment:1981, time:5798.876
iter 344," acc, nmi, ri = (0.33015, 0.24169, 0.0)", loss:0.00000, n_changed_assignment:763, time:5815.592
iter 345," acc, nmi, ri = (0.31717, 0.23335, 0.0)", loss:0.00000, n_changed_assignment:2695, time:5831.264
iter 346," acc, nmi, ri = (0.32963, 0.25555, 0.0)", loss:0.00000, n_changed_assignment:2824, time:5848.950
iter 347," acc, nmi, ri = (0.3298, 0.25532, 0.0)", loss:0.00000, n_changed_assignment:1004, time:5865.195
iter 348," acc, nmi, ri = (0.32526, 0.24967, 3e-05)", loss:0.00003, n_changed_assignment:2001, time:5882.546
iter 349," acc, nmi, ri = (0.33417, 0.25307, 0.0)", loss:0.00000, n_changed_assignment:2352, time:5898.533
iter," acc, nmi, ri ", loss, n_changed_assignment, time:2024-04-04 00:30:25
iter 0," acc, nmi, ri = (0.37817, 0.29438, 0.0)", loss:0.00000, n_changed_assignment:17180, time:160.780
iter 1," acc, nmi, ri = (0.32212, 0.28979, 0.00126)", loss:0.00126, n_changed_assignment:3919, time:187.559
iter 2," acc, nmi, ri = (0.31129, 0.28613, 0.0038)", loss:0.00380, n_changed_assignment:4992, time:204.923
iter," acc, nmi, ri ", loss, n_changed_assignment, time:2024-04-07 22:06:06
iter 0," acc, nmi, ri = (0.37934, 0.29384, 0.0)", loss:0.00000, n_changed_assignment:17180, time:165.428
iter 1," acc, nmi, ri = (0.32311, 0.28833, 0.00742)", loss:0.00742, n_changed_assignment:4114, time:182.694
iter 2," acc, nmi, ri = (0.31432, 0.28964, 0.00113)", loss:0.00113, n_changed_assignment:4961, time:199.159
iter," acc, nmi, ri ", loss, n_changed_assignment, time:2024-04-07 22:14:24
iter 0," acc, nmi, ri = (0.33318, 0.29454, 0.0)", loss:0.00000, n_changed_assignment:17180, time:386.881
iter 1," acc, nmi, ri = (0.33231, 0.29137, 0.00099)", loss:0.00099, n_changed_assignment:706, time:403.915
iter 2," acc, nmi, ri = (0.33434, 0.29232, 0.00077)", loss:0.00077, n_changed_assignment:916, time:423.781
iter," acc, nmi, ri ", loss, n_changed_assignment, time:2024-04-07 22:31:08
iter 0," acc, nmi, ri = (0.43376, 0.34254, 0.0)", loss:0.00000, n_changed_assignment:17180, time:365.082
iter 1," acc, nmi, ri = (0.43696, 0.33249, 0.00237)", loss:0.00237, n_changed_assignment:3895, time:381.173
iter 2," acc, nmi, ri = (0.37171, 0.32682, 0.00881)", loss:0.00881, n_changed_assignment:3868, time:397.176
